dc84f17b-f318-4255-ad27-35ea367bb72e|XXXXXXXXXXXX9917|07/14|11/16|Ryan|Levine|1042 Terry Boulevard$NewJersey$US$97281
f9c7a6f4-5d9b-4398-9811-72ca5294f3f2|XXXXXXXXXXXX3116|03/14|10/17|Wayne|Vasquez|1793 Britton Rd$Florida$US$09149
396495d4-a73c-4174-be2a-91c6de20c864|XXXXXXXXXXXX5655|06/13|11/16|George|Suarez|496 Sunrise Court$Colorado$US$91740
1bd66aae-6797-4f73-b89a-b3cc0f436897|XXXXXXXXXXXX7842|09/14|07/17|Dusty|Chaney|737 Playford Trail$California$US$01116
f13f4d17-fe6b-4d5d-a820-375764e57d0f|XXXXXXXXXXXX9647|04/13|01/17|Thomas|Dotson|438 Parliament Ridge$Alabama$US$05879
5ddd2c79-48c6-48ed-8c29-aba894d2c67d|XXXXXXXXXXXX5596|07/13|02/16|James|Mullen|1057 Perine Lane$Colorado$US$41842
12d4cadb-de4d-411b-aaed-dd5995f5ce6d|XXXXXXXXXXXX2948|04/13|06/17|Patrick|Walker|639 Mapleview Crescent$Washington$US$29163
b778ed2a-6dde-4339-b013-968ce66dc820|XXXXXXXXXXXX9443|05/14|10/17|Jan|Stein|1041 Enon Heights$California$US$75107
0bbd6786-0b34-4d8f-855c-1c47b887b1ba|XXXXXXXXXXXX1043|08/13|07/16|Donna|Navarro|417 Fritter Circle$Georgia$US$45965
5c5d7b10-a9e4-4483-96f6-cda97bc4fb72|XXXXXXXXXXXX1726|07/14|03/16|Floyd|Sharp|1523 Cass Trail$Washington$US$15188
546c04a8-47b2-4910-8260-bf8e58c91fba|XXXXXXXXXXXX3407|11/14|09/17|Chelsea|Hurst|1771 Salem Blvd$NewJersey$US$17976
b515c660-e886-438d-8416-cae5cd067db7|XXXXXXXXXXXX1593|03/13|05/17|Shanna|Howell|1095 Jonathan Path$Washington$US$01347
b1c9d02e-56aa-426a-9d3a-fe0f7bfa0e5c|XXXXXXXXXXXX5822|02/13|07/16|Skyler|Murray|1575 Elfin Crescent$Florida$US$86477
29f6a292-afde-4d70-84c2-c5c0c9a4ed58|XXXXXXXXXXXX4659|09/13|03/17|Richard|Richmond|472 Kibler Boulevard$Washington$US$96392
b88d3e07-13ad-4902-9b7e-bcda80ba0774|XXXXXXXXXXXX1318|03/14|07/16|Rob|Ruiz|1455 Tremont Terrace$Florida$US$30245
02809613-a0d8-47ec-94bf-b081bd23702e|XXXXXXXXXXXX0273|05/14|01/16|Penny|Spears|961 Wilshire Blvd$Washington$US$64569
0c18d593-94d0-4668-b305-4bf51c8fcd91|XXXXXXXXXXXX5578|10/14|04/17|Rachel|Melton|911 Eastport Drive$Missouri$US$72373
7aa8a6a1-23ea-45d4-88c7-33ee388c9574|XXXXXXXXXXXX1249|06/13|01/17|Bill|Browning|1243 Layton Circle$Colorado$US$22781
92365bc6-3997-4447-ab23-aeffe91bdebc|XXXXXXXXXXXX4067|06/13|08/16|Paula|Dunlap|559 Hinman Drv$Colorado$US$67568
3802ce5b-928c-4859-bc96-fe805b8f288c|XXXXXXXXXXXX9625|06/14|03/17|Sheila|Velez|1047 Idaho Trail$NewYork$US$70224
e838420e-c4ec-4d8f-b45d-c021ecfc4b47|XXXXXXXXXXXX9149|06/13|03/17|Bobby|Wallace|627 Christopher Path$Georgia$US$74544
3f43deea-af85-4a8f-b81d-8cbdf4d541c2|XXXXXXXXXXXX2410|05/14|02/17|Scott|Richmond|1483 Middle Road$Hawaii$US$81048
b50551c5-a524-4802-a92a-91f54d6caf7a|XXXXXXXXXXXX4470|06/13|06/16|Sherry|Owen|1792 Alvin Circle$California$US$32812
94c9ef61-cf60-421c-b766-4151166f8d13|XXXXXXXXXXXX9879|02/14|07/16|Jade|Phillips|571 Marne Lane$Alabama$US$80420
f336365e-a92b-45d8-9dc5-7d5584d34b82|XXXXXXXXXXXX4188|10/14|06/17|Joshua|Hall|757 Dragoo Ave$Florida$US$10475
64b71e61-30f8-4a47-8bbd-4dced18ae15f|XXXXXXXXXXXX0498|02/13|07/16|Tina|Clarke|581 Stephens Terrace$Missouri$US$40391
ee9a982f-356e-43a0-bcda-63bc13460b43|XXXXXXXXXXXX9844|10/13|09/17|Katherine|Lee|1459 Ryan Street$Washington$US$01397
e6d01354-364b-4346-a105-535927fbecff|XXXXXXXXXXXX6763|07/14|08/17|Valerie|Rowe|978 Phillips Blvd$Alabama$US$39380
3670e524-1f91-4c58-82c5-86d2206f2ff7|XXXXXXXXXXXX7803|08/13|08/16|Kristin|Cash|897 Blue Lane$NewYork$US$81944
cfed18d2-fc72-44cc-b750-cb6c1f944c1d|XXXXXXXXXXXX7208|08/13|07/16|Carolyn|Lambert|1013 Bateman Lane$Georgia$US$27254
1b8bf144-4cf6-4d32-a829-8499992d0449|XXXXXXXXXXXX0303|01/14|11/16|Nancy|Lawrence|1113 Willow Circle$Hawaii$US$60152
8ca213d6-9f0e-4d02-ae6b-2619d867317a|XXXXXXXXXXXX9086|10/14|03/16|Norman|Jimenez|434 Mackenzie Path$Georgia$US$79952
e130f6b1-f481-4ba0-a9a5-9020a0afa4ab|XXXXXXXXXXXX6792|03/14|11/17|Shelly|McDowell|552 Nancy Parkway$Alabama$US$20329
84ff8cb7-3c11-4e6f-9bc0-1c1b769a6441|XXXXXXXXXXXX2001|02/14|01/16|Dan|Avery|1037 Dewey Ridge$Alabama$US$10017
6b48e146-fff4-419a-9408-a7d0f49b9cee|XXXXXXXXXXXX3459|06/14|03/17|Wayne|Cochran|1566 Millers Parkway$Alaska$US$73830
af471492-e971-4eae-b67c-fa58b6e6eda4|XXXXXXXXXXXX8244|07/13|09/17|Faith|Sosa|668 Fultonrose Trail$Florida$US$33728
d03c5605-6245-414b-88fc-f3f1b68f2da5|XXXXXXXXXXXX6760|06/13|08/17|Clara|Shannon|1298 Mary Ln$Alabama$US$33070
314afc1b-2a5e-4dbf-92e6-0b3bc873ddd2|XXXXXXXXXXXX2205|04/13|06/16|Melody|Richmond|1035 Lawndale Blvd$NewJersey$US$04030
d0a646f3-4e4e-4d46-9295-fc3034cb1dfb|XXXXXXXXXXXX0547|01/13|08/16|Wayne|Moses|1304 Florence Trail$Alabama$US$19114
d323d0a9-35dd-4abc-a854-b3762bccce73|XXXXXXXXXXXX1926|06/14|03/17|Evelyn|Vang|971 Salgarber Square$Georgia$US$69923
69c1264a-5d4b-475f-8f03-0518e53172f1|XXXXXXXXXXXX6217|06/13|03/16|Shawn|Holland|986 Severt Square$Alabama$US$62853
e37c012f-11af-45ea-8611-84586f556b1d|XXXXXXXXXXXX0434|04/14|09/17|Andy|Bullock|886 Pleasantville Boulevard$NewJersey$US$45758
47a23498-1b64-4d89-903b-119be25f136f|XXXXXXXXXXXX0877|09/13|06/16|Marcus|Landry|447 Fairview Square$California$US$80558
18674102-5fca-45c3-aad1-160729be1d36|XXXXXXXXXXXX9022|09/14|03/17|Wanda|Gross|658 Shaw Court$NewJersey$US$29755
f3f923ed-b396-4639-8088-2c01da0a5430|XXXXXXXXXXXX6768|07/13|08/17|Paige|Wheeler|1356 Richman Crescent$California$US$06030
95984780-4889-4a23-8b5b-5236e8b9affa|XXXXXXXXXXXX2245|08/13|02/17|Heather|Roach|680 Mundy Crescent$Colorado$US$54609
a63c322d-e74f-4169-8723-17639853d2ee|XXXXXXXXXXXX8057|07/13|07/17|Mary|English|1038 Merlin Boulevard$Georgia$US$19470
b811f680-9afc-4af1-901d-fdfdafd1018a|XXXXXXXXXXXX5712|07/14|11/16|Glen|Cooley|1232 Perdue Run$Georgia$US$94672
a3bcd180-cde4-4936-9be3-164411fbb03c|XXXXXXXXXXXX1179|05/13|07/16|Jessica|Walls|705 Aberdeen Ave$NewJersey$US$42826
811c6147-7fbc-4f0d-be99-ba67a4cb5c07|XXXXXXXXXXXX0892|08/14|05/17|Tracie|Dunn|812 Peters Crescent$Alaska$US$51852
dbc720b3-6b2f-4b42-8165-e984b401822c|XXXXXXXXXXXX5184|09/14|01/16|Rob|Cote|1239 Adamsville Drive$Hawaii$US$79552
809b1a27-c513-40a7-aa46-595364ef77ed|XXXXXXXXXXXX7530|06/13|09/17|Christoph|Sanchez|1670 Jamestown Ridge$Colorado$US$97882
862beca1-5c87-4dd7-ab23-4914776dfab6|XXXXXXXXXXXX4319|03/14|04/17|Hannah|Snyder|1312 Madison Park$NewJersey$US$48980
d37a3feb-4303-487c-a33e-3c41aa197e0c|XXXXXXXXXXXX5800|03/13|06/16|Gail|Elliott|751 Southeast Crescent$Colorado$US$46254
7677a39a-5eb8-40cd-98ab-8f8b08afa7d2|XXXXXXXXXXXX7651|02/13|03/16|Brianna|Woods|1634 Seymore Ave$NewYork$US$12322
bcdc2c67-b97b-458d-ba31-0e443e551b19|XXXXXXXXXXXX9072|07/13|09/16|Ed|Hayden|1782 Coburg Path$Alabama$US$61028
fef71bfb-4857-4d17-818f-3e6732b430dc|XXXXXXXXXXXX1305|03/13|08/17|Jill|Mercer|828 Arch Avenue$Washington$US$69667
4927de09-2df8-4b00-8337-6ee6757a475c|XXXXXXXXXXXX5581|10/13|01/16|Clara|Castillo|1274 Missouri St$California$US$87171
5a8ead6e-1eeb-4db4-9b5c-4095280f6c40|XXXXXXXXXXXX9770|08/14|08/16|Clifford|Brennan|837 Sandra Path$Washington$US$79655
c6e46dca-6005-48bf-bd7d-d65634e64cd3|XXXXXXXXXXXX5551|02/13|04/17|Marsha|Shelton|628 Southward Drive$NewYork$US$01014
71db0df1-ebe9-4884-a045-5112a407b898|XXXXXXXXXXXX0539|11/14|09/17|Brandy|Hensley|676 Clark Street$Alabama$US$00980
ecd673dd-af3d-4d60-811d-13e7fb04d47a|XXXXXXXXXXXX7905|02/13|05/17|Joann|Nunez|1052 Moonlight Trail$Delaware$US$18542
62788308-c7e6-44a7-9111-102f29cbe71a|XXXXXXXXXXXX3422|01/14|07/17|Chase|Winters|1003 Brandywine Place$Missouri$US$79220
5a9aef2a-0f9d-4943-8b94-19e9bb20ddcb|XXXXXXXXXXXX7050|03/14|01/17|Jennifer|Wells|1743 Ederer Road$NewJersey$US$09959
cbab73a1-0172-425b-9061-e99d1ca36523|XXXXXXXXXXXX8466|10/13|08/17|Charlotte|Baker|837 Rollins St$Florida$US$72083
03248700-88bb-41fe-be1a-5d5c9568593f|XXXXXXXXXXXX5064|01/14|01/17|Brooke|Bryan|1667 Haught Drv$Missouri$US$19316
0223053c-2249-4e5e-b0e3-902d0a561dbd|XXXXXXXXXXXX6335|11/14|05/17|Kenneth|Kirkland|1288 Rosewood Ln$California$US$99695
253530e2-3afd-477c-a61b-72905f49e951|XXXXXXXXXXXX0105|08/13|07/17|Arthur|Valentine|1616 Schaum Ln$Delaware$US$53048
e5ef9ca5-77f4-4803-adb8-9a547211dd6f|XXXXXXXXXXXX3937|06/13|08/17|Dennis|Nixon|1712 Reeves Court$Alabama$US$75301
3b317796-6bb6-482a-bf47-7e61d0e5c3d6|XXXXXXXXXXXX1825|03/14|06/16|Dean|Silva|787 Quinlan Place$California$US$41501
2563b9c4-7bcf-4170-8315-0a3fa1186adb|XXXXXXXXXXXX6490|01/14|01/17|Matt|Glover|1674 Cannelville Drv$NewYork$US$06282
0e7123c3-2055-4d39-80c6-e7be0ab7b12d|XXXXXXXXXXXX9664|09/13|06/16|Dixie|Lindsay|1208 Jody Rd$Colorado$US$05211
0cd8ab47-5f99-4304-af2f-49656ff8d166|XXXXXXXXXXXX4507|10/13|01/17|Donna|Mullen|681 Malibu Ave$Georgia$US$79038
d9a63cf0-801a-49e7-8cb2-a65fbc9d599f|XXXXXXXXXXXX7215|09/14|07/16|Dakota|Johns|1683 Claysville Crescent$Washington$US$45720
3e3bc214-180a-4fc3-9786-4d936a2d58bc|XXXXXXXXXXXX9907|05/14|03/17|Roberta|Sears|1056 Hospital Park$NewYork$US$04805
c32e55fa-d4a6-4bd4-8c2b-aeca27fe5c8b|XXXXXXXXXXXX3945|10/14|08/17|Connie|Luna|980 Jenkins Way$Delaware$US$42622
9fbd55cc-f426-4e9f-8052-deb7b06fc2b2|XXXXXXXXXXXX6315|08/13|11/17|Taylor|Hunter|804 Rowland Heights$Alaska$US$70328
355dd369-eccc-473e-8cff-1492928ec83a|XXXXXXXXXXXX9565|10/14|03/16|Jeffrey|McCall|542 Winfield Court$Alaska$US$75533
91c66fe1-9b17-447f-a36f-959d73ff3961|XXXXXXXXXXXX2784|07/13|06/16|Jerry|Kirkland|1781 Purvis St$NewYork$US$71081
a1fa7904-631e-4e00-8432-c5205764feba|XXXXXXXXXXXX8771|03/13|04/17|Shirley|Suarez|691 Clarendon Rd$Washington$US$31595
835f76d9-bad1-468d-9d99-edf5dec2109b|XXXXXXXXXXXX5710|03/13|10/17|Molly|Sparks|473 Johnson Crescent$California$US$15512
722ec5c7-d6a5-41d4-89e7-4533125c99bb|XXXXXXXXXXXX8416|10/13|05/17|Wayne|Johnson|1639 Graffis Drive$NewYork$US$92454
13443cff-026a-4c36-b566-1660972e8cc6|XXXXXXXXXXXX9349|03/13|11/17|Albert|Pollard|980 Stone Rd$Georgia$US$62533
5586742b-e656-4132-8480-f76934edba66|XXXXXXXXXXXX8787|07/13|07/16|Taylor|Suarez|1501 Dawnlight Path$Colorado$US$50293
24f099ca-6d68-47a4-afbc-a39a407594e3|XXXXXXXXXXXX7855|01/14|08/16|Antonio|Caldwell|903 Sand Road$NewJersey$US$07414
05e84819-a01e-42cf-9a57-546a59858946|XXXXXXXXXXXX1256|03/14|01/16|Rodney|Kemp|1762 Bolton Drive$NewYork$US$34141
bfbdda59-129f-4a64-8330-a11980a23d21|XXXXXXXXXXXX0223|09/14|07/17|Clara|Bonner|436 Chillicothe Terrace$Florida$US$36712
787235f4-91f4-4f83-b468-0d6f2a934bf4|XXXXXXXXXXXX2743|02/13|09/16|Marlene|Edwards|749 Dellwood Heights$Georgia$US$91415
b4e77729-5e3e-463f-b4f0-54631580d4f3|XXXXXXXXXXXX8983|05/13|05/16|Autumn|Ward|619 Ferrell Way$Georgia$US$10711
fa15dea4-8170-4ae7-9740-3b0bf62b2a62|XXXXXXXXXXXX9427|03/14|02/17|Cheryl|Russo|888 Rondayle Way$Missouri$US$81137
e2638b98-f480-4ea3-b24a-77ab92acf55d|XXXXXXXXXXXX1097|01/14|08/17|Bonnie|Chen|636 Lent St$Hawaii$US$87164
48ef7df1-90b8-47c7-8197-0ad7d0850600|XXXXXXXXXXXX7809|08/14|07/16|Dallas|Morrison|654 Helene Boulevard$Alaska$US$26201
2f9260cc-be24-4e3e-b177-e1e9d4fd4b2b|XXXXXXXXXXXX2915|03/13|08/16|Savannah|Valentine|801 Rustle Heights$Delaware$US$37589
0ee1da8d-f543-4283-918a-ca35b3d4640c|XXXXXXXXXXXX0055|11/14|11/17|Earl|Vaughan|713 Agines Court$Hawaii$US$34610
2a08d51b-2beb-40a7-bf09-b80ac8614af7|XXXXXXXXXXXX8074|08/13|06/16|Raymond|Pickett|1798 Maysville Blvd$Alaska$US$08457
a4825fee-9b00-4966-a513-0a3a3629a9a3|XXXXXXXXXXXX8143|06/13|11/17|Roberta|Jefferson|976 Stalling Park$Georgia$US$95922
2a430074-9a91-4a97-8ca6-254addd22526|XXXXXXXXXXXX0275|05/14|06/16|Kristina|Horn|656 Beard Ave$Hawaii$US$48632
c21dec27-7d60-434a-8add-e79e9f4a795e|XXXXXXXXXXXX7307|08/13|11/16|Darren|Paul|1458 Court Drive$NewYork$US$30627
c44787b7-9609-4db3-b2f4-4540c52c7eb4|XXXXXXXXXXXX5055|02/13|11/16|Kyle|Nicholson|1215 Meek Court$Colorado$US$84130
